Workbook

Sheet 汇总
B2: 祖研-黑龙江省中医医院（南岗院区）各科室2026年3月灭菌价格汇总
B3: 科室 | C3: 价格 | D3: 科室 | E3: 价格
B4: 妇科 | C4: =妇科!K10 -> 1213 | D4: 供应室 | E4: 0
B5: 美容科 | C5: =美容科!K8 -> 774 | D5: 肾七科 | E5: =肾七科!K8 -> 16.5
B6: 手术室 | C6: =手术室!K8 -> 725.5 | D6: 透析科 | E6: 16
B7: 外二/肛肠二科 | C7: =外二肛肠二科!K8 -> 236.5 | D7: 针六科 | E7: 16.5
B8: 针三科 | C8: 160 | D8: 物流费 | E8: 250
B9: 合计 | C9: =C4+E4+C5+E5+C6+E6+C7+E7+C8+E8 -> 3408 | D9: =C9 -> 3408
B11: 制表人： 核算人： 甲方核算人：
B12: 黑龙江省铂康医疗灭菌有限公司 2026年3月31日

Sheet 妇科
C1: 发货单汇总表-显示包装材料
B4: 从:2026/3/1 00:00:00 至: 2026/3/31 23:59:59.999
D8: 祖研-黑龙江省中医医院（南岗院区）
D9: 发货日期 | E9: 发货单号 | F9: 类型 | G9: 包类别号 | H9: 包名 | I9: 包数 | J9: 单价 | K9: 总价
D10: 妇科 | I10: 23 | K10: =SUM(K11:K23) -> 1213
D11: 46098 | E11: 1586503 | F11: 额外包(纸塑袋) | G11: 20417294 | H11: 活检钳-1/Z1535 | I11: 1 | J11: 11 | K11: =J11*I11 -> 11
D12: 46098 | E12: 1586503 | F12: 额外包(无纺布) | G12: 20410092 | H12: 镊子-10件/W6050 | I12: 3 | J12: 55 | K12: =J12*I12 -> 165
D13: 46099 | E13: 1587151 | F13: 额外包(纸塑袋) | G13: 20417770 | H13: 弯盘-1/Z2032 | I13: 1 | J13: 13 | K13: =J13*I13 -> 13
D14: 46099 | E14: 1587151 | F14: 额外包(纸塑袋) | G14: 20417767 | H14: 止血钳-1/z1029 | I14: 1 | J14: 8 | K14: =J14*I14 -> 8
D15: 46099 | E15: 1587151 | F15: 器械包(ZSD) | G15: 20409894 | H15: 刮宫包 | I15: 1 | J15: 110 | K15: =J15*I15 -> 110
D16: 46099 | E16: 1587151 | F16: 额外包(无纺布) | G16: 20410092 | H16: 镊子-10件/W6050 | I16: 1 | J16: 55 | K16: =J16*I16 -> 55
D17: 46101 | E17: 1587899 | F17: 额外包(无纺布) | G17: 20410092 | H17: 镊子-10件/W6050 | I17: 1 | J17: 55 | K17: =J17*I17 -> 55
D18: 46104 | E18: 1588460 | F18: 额外包(无纺布) | G18: 20410092 | H18: 镊子-10件/W6050 | I18: 3 | J18: 55 | K18: =J18*I18 -> 165
D19: 46107 | E19: 1589229 | F19: 额外包(纸塑袋) | G19: 20417770 | H19: 弯盘-1/Z2032 | I19: 2 | J19: 13 | K19: =J19*I19 -> 26
D20: 46107 | E20: 1589229 | F20: 器械包(ZSD) | G20: 20409894 | H20: 刮宫包 | I20: 2 | J20: 110 | K20: =J20*I20 -> 220
D21: 46107 | E21: 1589229 | F21: 额外包(无纺布) | G21: 20410092 | H21: 镊子-10件/W6050 | I21: 2 | J21: 55 | K21: =J21*I21 -> 110
D22: 46109 | E22: 1590001 | F22: 额外包(无纺布) | G22: 20410092 | H22: 镊子-10件/W6050 | I22: 3 | J22: 55 | K22: =J22*I22 -> 165
D23: 46111 | E23: 1590482 | F23: 额外包(无纺布) | G23: 20410092 | H23: 镊子-10件/W6050 | I23: 2 | J23: 55 | K23: =J23*I23 -> 110

Sheet 美容科
C1: 发货单汇总表-显示包装材料
B4: 从:2026/3/1 00:00:00 至: 2026/3/31 23:59:59.999
D7: 发货日期 | E7: 发货单号 | F7: 类型 | G7: 包类别号 | H7: 包名 | I7: 包数 | J7: 单价 | K7: 总价
D8: 美容科 | I8: 18 | K8: =SUM(K9:K23) -> 774
D9: 46098 | E9: 1586504 | F9: 额外包(无纺布) | G9: 20410093 | H9: 排针20/W6050 | I9: 1 | J9: 16.5 | K9: =J9*I9 -> 16.5
D10: 46098 | E10: 1586504 | F10: 额外包(无纺布) | G10: 20417295 | H10: 器械包-115件（筐1）/W9050 | I10: 1 | J10: 143 | K10: =J10*I10 -> 143
D11: 46099 | E11: 1587152 | F11: 额外包(纸塑袋) | G11: 20410051 | H11: 镊子-1/z7526 | I11: 1 | J11: 8 | K11: =J11*I11 -> 8
D12: 46099 | E12: 1587152 | F12: 额外包(无纺布) | G12: 20417763 | H12: 排针-30/w6050 | I12: 3 | J12: 16.5 | K12: =J12*I12 -> 49.5
D13: 46099 | E13: 1587152 | F13: 额外包(无纺布) | G13: 20417764 | H13: 器械包-14件/w6050 | I13: 1 | J13: 77 | K13: =J13*I13 -> 77
D14: 46101 | E14: 1587900 | F14: 额外包(无纺布) | G14: 20417295 | H14: 器械包-52件（筐1）/W9050 | I14: 1 | J14: 82.5 | K14: =J14*I14 -> 82.5
D15: 46104 | E15: 1588461 | F15: 额外包(纸塑袋) | G15: 20410051 | H15: 镊子-1/z7526 | I15: 2 | J15: 8 | K15: =J15*I15 -> 16
D16: 46104 | E16: 1588461 | F16: 额外包(无纺布) | G16: 20417763 | H16: 排针-35/w6050 | I16: 1 | J16: 22 | K16: =J16*I16 -> 22
D17: 46104 | E17: 1588461 | F17: 额外包(无纺布) | G17: 20417295 | H17: 器械包-84件（筐1）/W9050 | I17: 1 | J17: 82.5 | K17: =J17*I17 -> 82.5
D18: 46107 | E18: 1589230 | F18: 额外包(无纺布) | G18: 20417763 | H18: 排针-30/w6050 | I18: 1 | J18: 16.5 | K18: =J18*I18 -> 16.5
D19: 46107 | E19: 1589230 | F19: 额外包(无纺布) | G19: 20417295 | H19: 器械包-36件（筐1）/W9050 | I19: 1 | J19: 60.5 | K19: =J19*I19 -> 60.5
D20: 46109 | E20: 1590002 | F20: 敷料包(无纺布包) | G20: 20419189 | H20: 无菌包（纱布）/W12050 | I20: 1 | J20: 35 | K20: =J20*I20 -> 35
... D23: 46111 | E23: 1590483 | F23: 额外包(无纺布) | G23: 20417295 | H23: 器械包-68件（筐1）/W9050 | I23: 1 | J23: 82.5 | K23: =J23*I23 -> 82.5

Sheet 肾七科
C1: 发货单汇总表-显示包装材料
B4: 从:2026/3/1 00:00:00 至: 2026/3/31 23:59:59.999
D7: 发货日期 | E7: 发货单号 | F7: 类型 | G7: 包类别号 | H7: 包名 | I7: 包数 | J7: 单价 | K7: 总价
D8: 肾七科 | I8: 1 | K8: =K9 -> 16.5
D9: 46107 | E9: 1589231 | F9: 额外包(纸塑袋) | G9: 20418804 | H9: 开口器自背包-3件/z1526 | I9: 1 | J9: 16.5 | K9: =J9 -> 16.5

Sheet 手术室
C1: 发货单汇总表-显示包装材料
B4: 从:2026/3/1 00:00:00 至: 2026/3/31 23:59:59.999
D7: 发货日期 | E7: 发货单号 | F7: 类型 | G7: 包类别号 | H7: 包名 | I7: 包数 | J7: 单价 | K7: 总价
D8: 手术室 | I8: 47 | K8: =SUM(K9:K25) -> 725.5
D9: 46099 | E9: 1587153 | F9: 器械包 | G9: 20410117 | H9: 门诊小包 | I9: 1 | J9: 93.5 | K9: =J9*I9 -> 93.5
D10: 46099 | E10: 1587153 | F10: 器械包 | G10: 20410111 | H10: 透析器械包 | I10: 1 | J10: 110 | K10: =J10*I10 -> 110
D11: 46099 | E11: 1587153 | F11: 额外包(纸塑袋) | G11: 20417771 | H11: 换药碗-1/Z2530 | I11: 1 | J11: 16 | K11: =J11*I11 -> 16
D12: 46099 | E12: 1587153 | F12: 额外包(纸塑袋) | G12: 20417770 | H12: 弯盘-1/Z2032 | I12: 2 | J12: 13 | K12: =J12*I12 -> 26
D13: 46099 | E13: 1587153 | F13: 额外包(无纺布) | G13: 20410080 | H13: 持物钳罐-2件/W6050 | I13: 1 | J13: 16.5 | K13: =J13*I13 -> 16.5
D14: 46104 | E14: 1588462 | F14: 器械包 | G14: 20410122 | H14: 肛肠包 | I14: 2 | J14: 60.5 | K14: =J14*I14 -> 121
D15: 46104 | E15: 1588462 | F15: 额外包(纸塑袋) | G15: 20417771 | H15: 换药碗-1/Z2530 | I15: 2 | J15: 16 | K15: =J15*I15 -> 32
D16: 46104 | E16: 1588462 | F16: 额外包(纸塑袋) | G16: 20410123 | H16: 瘘刀包-3件/z1026 | I16: 1 | J16: 16.5 | K16: =J16*I16 -> 16.5
D17: 46104 | E17: 1588462 | F17: 额外包(纸塑袋) | G17: 20417770 | H17: 弯盘-1/Z2032 | I17: 3 | J17: 13 | K17: =J17*I17 -> 39
D18: 46104 | E18: 1588462 | F18: 额外包(纸塑袋) | G18: 20417767 | H18: 止血钳-1/z1029 | I18: 2 | J18: 8 | K18: =J18*I18 -> 16
D19: 46104 | E19: 1588462 | F19: 额外包(无纺布) | G19: 20410080 | H19: 持物钳罐-2件/W6050 | I19: 2 | J19: 16.5 | K19: =J19*I19 -> 33
D20: 46107 | E20: 1589232 | F20: 器械包 | G20: 20410122 | H20: 肛肠包 | I20: 1 | J20: 60.5 | K20: =J20*I20 -> 60.5
... D25: 46107 | E25: 1589232 | F25: 敷料包(纸塑袋) | G25: 20418806 | H25: 小纱球/Z1526 | I25: 20 | J25: 4 | K25: =J25*I25 -> 80

Sheet 透析科
C1: 发货单汇总表-显示包装材料
B4: 从:2026/3/1 00:00:00 至: 2026/3/31 23:59:59.999
D7: 发货日期 | E7: 发货单号 | F7: 类型 | G7: 包类别号 | H7: 包名 | I7: 包数 | J7: 单价 | K7: 总价
D8: 透析科 | I8: 2 | K8: 16
D9: 46098 | E9: 1586505 | F9: 额外包(纸塑袋) | G9: 20417296 | H9: 持针器-1/Z1026 | I9: 1 | J9: 8 | K9: 8
D10: 46104 | E10: 1588463 | F10: 额外包(纸塑袋) | G10: 20417296 | H10: 持针器-1/Z1026 | I10: 1 | J10: 8 | K10: 8

Sheet 外二肛肠二科
C1: 发货单汇总表-显示包装材料
B4: 从:2026/3/1 00:00:00 至: 2026/3/31 23:59:59.999
D7: 发货日期 | E7: 发货单号 | F7: 类型 | G7: 包类别号 | H7: 包名 | I7: 包数 | J7: 单价 | K7: 总价
D8: 外二/肛肠二科 | I8: 2 | K8: 236.5
D9: 46099 | E9: 1587154 | F9: 额外包(无纺布) | G9: 20417762 | H9: 镊子-22件/w6050 | I9: 1 | J9: 121 | K9: 121
D10: 46107 | E10: 1589233 | F10: 额外包(无纺布) | G10: 20417762 | H10: 镊子-21件/w6050 | I10: 1 | J10: 115.5 | K10: 115.5

Sheet 针六科
C1: 发货单汇总表-显示包装材料
B4: 从:2026/3/1 00:00:00 至: 2026/3/31 23:59:59.999
D7: 发货日期 | E7: 发货单号 | F7: 类型 | G7: 包类别号 | H7: 包名 | I7: 包数 | J7: 单价 | K7: 总价
D8: 针六科 | I8: 1 | K8: 16.5
D9: 46107 | E9: 1589234 | F9: 额外包(纸塑袋) | G9: 20418804 | H9: 开口器自背包-3件/z1526 | I9: 1 | J9: 16.5 | K9: 16.5

Sheet 针三科
C1: 发货单汇总表-显示包装材料
B4: 从:2026/3/1 00:00:00 至: 2026/3/31 23:59:59.999
D7: 发货日期 | E7: 发货单号 | F7: 类型 | G7: 包类别号 | H7: 包名 | I7: 包数 | J7: 单价 | K7: 总价
D8: 针三科 | I8: 40 | K8: 160
D9: 46099 | E9: 1587114 | F9: 敷料包(纸塑袋) | G9: 20417769 | H9: 棉球/Z3040 | I9: 40 | J9: 4 | K9: 160
