Workbook

Sheet 汇总
B2: 祖研-黑龙江省中医医院（南岗院区）各科室2026年4月灭菌价格汇总
B3: 科室 | C3: 价格 | D3: 科室 | E3: 价格
B4: 妇科 | C4: =妇科!K10 -> 1878.5 | D4: 供应室 | E4: 0
B5: 美容科 | C5: =美容科!K8 -> 3391.5 | D5: 肾六 | E5: =肾六!K8 -> 16.5
B6: 肾五科 | C6: =肾五科!K8 -> 65 | D6: 手术室 | E6: =手术室!K8 -> 4151.5
B7: 外二/肛肠二科 | C7: =外二肛肠二科!K8 -> 495 | D7: 针三科 | E7: =针三科!K8 -> 240
B8: 综合内科 | C8: =综合内科!K8 -> 16.5 | D8: 物流费 | E8: =12*50 -> 600
B9: 合计 | C9: =C4+C5+C6+C7+C8+E4+E5+E6+E7+E8 -> 10854.5 | D9: =C9 -> 10854.5
B11: 制表人： 核算人： 甲方核算人：
B12: 黑龙江省铂康医疗灭菌有限公司 2026年4月30日

Sheet 妇科
C1: 发货单汇总表-显示包装材料
B4: 从:2026/4/1 00:00:00 至: 2026/4/30 23:59:59.999
D8: 祖研-黑龙江省中医医院（南岗院区）
D9: 发货日期 | E9: 发货单号 | F9: 类型 | G9: 包类别号 | H9: 包名 | I9: 包数 | J9: 单价 | K9: 总价
D10: 妇科 | I10: 69 | K10: =SUM(K11:K33) -> 1878.5 | L10: =K10+美容科!K8+肾六!K8+肾五科!K8+手术室!K8+外二肛肠二科!K8+针三科!K8+综合内科!K8 -> 10254.5
D11: 46113 | E11: 1591255 | F11: 额外包(无纺布) | G11: 20419780 | H11: 棉球缸1镊子缸2/W6050 | I11: 4 | J11: 16.5 | K11: =J11*I11 -> 66
D12: 46113 | E12: 1591255 | F12: 额外包(无纺布) | G12: 20410092 | H12: 镊子-10件/W6050 | I12: 2 | J12: 55 | K12: =J12*I12 -> 110
D13: 46116 | E13: 1592044 | F13: 额外包(纸塑袋) | G13: 20417770 | H13: 弯盘-1/Z2032 | I13: 2 | J13: 13 | K13: =J13*I13 -> 26
D14: 46116 | E14: 1592044 | F14: 器械包(ZSD) | G14: 20409894 | H14: 刮宫包 | I14: 2 | J14: 110 | K14: =J14*I14 -> 220
D15: 46116 | E15: 1592044 | F15: 额外包(无纺布) | G15: 20410092 | H15: 镊子-10件/W6050 | I15: 1 | J15: 55 | K15: =J15*I15 -> 55
D16: 46121 | E16: 1593118 | F16: 额外包(纸塑袋) | G16: 20417767 | H16: 止血钳-1/z1029 | I16: 2 | J16: 8 | K16: =J16*I16 -> 16
D17: 46121 | E17: 1593118 | F17: 额外包(无纺布) | G17: 20410092 | H17: 镊子-10件/W6050 | I17: 3 | J17: 55 | K17: =J17*I17 -> 165
D18: 46122 | E18: 1593871 | F18: 额外包(无纺布) | G18: 20410092 | H18: 镊子-10件/W6050 | I18: 3 | J18: 55 | K18: =J18*I18 -> 165
D19: 46125 | E19: 1594468 | F19: 额外包(无纺布) | G19: 20410092 | H19: 镊子-10件/W6050 | I19: 1 | J19: 55 | K19: =J19*I19 -> 55
D20: 46127 | E20: 1595192 | F20: 额外包(无纺布) | G20: 20410092 | H20: 镊子-10件/W6050 | I20: 2 | J20: 55 | K20: =J20*I20 -> 110
D21: 46129 | E21: 1595950 | F21: 额外包(纸塑袋) | G21: 20417770 | H21: 弯盘-1/Z2032 | I21: 1 | J21: 13 | K21: =J21*I21 -> 13
D22: 46129 | E22: 1595950 | F22: 器械包(ZSD) | G22: 20409894 | H22: 刮宫包 | I22: 1 | J22: 110 | K22: =J22*I22 -> 110
... D33: 46142 | E33: 1599423 | F33: 额外包(无纺布) | G33: 20410092 | H33: 镊子-10件/W6050 | I33: 2 | J33: 55 | K33: =J33*I33 -> 110

Sheet 美容科
C1: 发货单汇总表-显示包装材料
B4: 从:2026/4/1 00:00:00 至: 2026/4/30 23:59:59.999
D7: 发货日期 | E7: 发货单号 | F7: 类型 | G7: 包类别号 | H7: 包名 | I7: 包数 | J7: 单价 | K7: 总价
D8: 美容科 | I8: 45 | K8: =SUM(K9:K44) -> 3391.5
D9: 46113 | E9: 1591256 | F9: 额外包(无纺布) | G9: 20417295 | H9: 器械包-76件（筐1）/W9050 | I9: 1 | J9: =77*5.5 -> 423.5 | K9: =J9*I9 -> 423.5
D10: 46116 | E10: 1592045 | F10: 额外包(纸塑袋) | G10: 20420152 | H10: 剪刀-1/Z1026 | I10: 1 | J10: 8 | K10: =J10*I10 -> 8
D11: 46116 | E11: 1592045 | F11: 额外包(无纺布) | G11: 20417763 | H11: 排针-52/w6050 | I11: 1 | J11: =6*5.5 -> 33 | K11: =J11*I11 -> 33
D12: 46116 | E12: 1592045 | F12: 额外包(无纺布) | G12: 20417295 | H12: 器械包-49件（筐1）/W9050 | I12: 1 | J12: =50*5.5 -> 275 | K12: =J12*I12 -> 275
D13: 46121 | E13: 1593119 | F13: 额外包(无纺布) | G13: 20417295 | H13: 器械包-89件（筐1）/W9050 | I13: 1 | J13: 495 | K13: =J13*I13 -> 495
D14: 46122 | E14: 1593872 | F14: 额外包(无纺布) | G14: 20417295 | H14: 器械包-69件（筐1）/W9050 | I14: 1 | J14: 385 | K14: =J14*I14 -> 385
D15: 46125 | E15: 1594469 | F15: 额外包(纸塑袋) | G15: 20410051 | H15: 镊子-1/z7526 | I15: 1 | J15: 8 | K15: =J15*I15 -> 8
D16: 46125 | E16: 1594469 | F16: 额外包(无纺布) | G16: 20421334 | H16: 排针17/W6050 | I16: 1 | J16: =2*5.5+2.5 -> 13.5 | K16: =J16*I16 -> 13.5
D17: 46125 | E17: 1594469 | F17: 额外包(无纺布) | G17: 20410093 | H17: 排针30/W6050 | I17: 1 | J17: =3*5.5 -> 16.5 | K17: =J17*I17 -> 16.5
D18: 46125 | E18: 1594469 | F18: 额外包(无纺布) | G18: 20417295 | H18: 器械包-58件（筐1）/W9050 | I18: 1 | J18: 324.5 | K18: =J18*I18 -> 324.5
D19: 46127 | E19: 1595193 | F19: 额外包(无纺布) | G19: 20421334 | H19: 排针12/W6050 | I19: 1 | J19: =2*5.5+2.5 -> 13.5 | K19: =J19*I19 -> 13.5
D20: 46127 | E20: 1595193 | F20: 额外包(无纺布) | G20: 20417295 | H20: 器械包-67件（筐1）/W9050 | I20: 1 | J20: 374 | K20: =J20*I20 -> 374
D21: 46129 | E21: 1595951 | F21: 额外包(无纺布) | G21: 20417295 | H21: 器械包-62件（筐1）/W9050 | I21: 1 | J21: 346.5 | K21: =J21*I21 -> 346.5
D22: 46130 | E22: 1596004 | F22: 额外包(纸塑袋) | G22: 20410051 | H22: 镊子-1/z7526 | I22: 1 | J22: 8 | K22: =J22*I22 -> 8
D23: 46130 | E23: 1596004 | F23: 额外包(无纺布) | G23: 20417763 | H23: 排针-47/w6050 | I23: 1 | J23: =5*5.5 -> 27.5 | K23: =J23*I23 -> 27.5
D24: 46130 | E24: 1596042 | F24: 敷料包(无纺布包) | G24: 20419189 | H24: 无菌包（纱布）/W12050 | I24: 1 | J24: 35 | K24: =J24*I24 -> 35
D25: 46133 | E25: 1596581 | F25: 额外包(无纺布) | G25: 20421334 | H25: 排针15/W6050 | I25: 1 | J25: =2*5.5+2.5 -> 13.5 | K25: =J25*I25 -> 13.5
D26: 46133 | E26: 1596581 | F26: 额外包(无纺布) | G26: 20410093 | H26: 排针20/W6050 | I26: 3 | J26: =2*5.5+2.5 -> 13.5 | K26: =J26*I26 -> 40.5
D27: 46133 | E27: 1596581 | F27: 额外包(无纺布) | G27: 20417764 | H27: 器械包-8（筐1）件/w9050 | I27: 1 | J27: 49.5 | K27: =J27*I27 -> 49.5
D28: 46135 | E28: 1597318 | F28: 额外包(纸塑袋) | G28: 20422632 | H28: 排针-6/Z526 | I28: 1 | J28: 8 | K28: =J28*I28 -> 8
D29: 46135 | E29: 1597318 | F29: 额外包(无纺布) | G29: 20410093 | H29: 排针20/Z1026 | I29: 3 | J29: =2*5.5+2.5 -> 13.5 | K29: =J29*I29 -> 40.5
D30: 46135 | E30: 1597318 | F30: 额外包(无纺布) | G30: 20417764 | H30: 器械包-8（筐1）件/w9050 | I30: 1 | J30: 49.5 | K30: =J30*I30 -> 49.5
D31: 46136 | E31: 1598067 | F31: 额外包(纸塑袋) | G31: 20421334 | H31: 排针13/Z1026 | I31: 1 | J31: =2*5.5+2.5 -> 13.5 | K31: =J31*I31 -> 13.5
D32: 46136 | E32: 1598067 | F32: 额外包(纸塑袋) | G32: 20421334 | H32: 排针15/Z1026 | I32: 3 | J32: =2*5.5+2.5 -> 13.5 | K32: =J32*I32 -> 40.5
D33: 46136 | E33: 1598067 | F33: 额外包(纸塑袋) | G33: 20410093 | H33: 排针20/Z1026 | I33: 1 | J33: =2*5.5+2.5 -> 13.5 | K33: =J33*I33 -> 13.5
D34: 46136 | E34: 1598067 | F34: 额外包(无纺布) | G34: 20417764 | H34: 器械包-10（筐1）件/w9050 | I34: 1 | J34: 60.5 | K34: =J34*I34 -> 60.5
D35: 46140 | E35: 1598605 | F35: 额外包(纸塑袋) | G35: 20423243 | H35: 排针16/Z1026 | I35: 1 | J35: =2*5.5+2.5 -> 13.5 | K35: =J35*I35 -> 13.5
D36: 46140 | E36: 1598605 | F36: 额外包(纸塑袋) | G36: 20410093 | H36: 排针20/Z1026 | I36: 3 | J36: =2*5.5+2.5 -> 13.5 | K36: =J36*I36 -> 40.5
D37: 46140 | E37: 1598605 | F37: 额外包(无纺布) | G37: 20423242 | H37: 眼科剪4眼科镊1（筐1）/w9050 | I37: 1 | J37: =6*5.5 -> 33 | K37: =J37*I37 -> 33
D38: 46142 | E38: 1599424 | F38: 额外包(纸塑袋) | G38: 20423243 | H38: 排针15/Z1026 | I38: 1 | J38: =2*5.5+2.5 -> 13.5 | K38: =J38*I38 -> 13.5
D39: 46142 | E39: 1599424 | F39: 额外包(纸塑袋) | G39: 20410093 | H39: 排针20/Z1026 | I39: 2 | J39: =2*5.5+2.5 -> 13.5 | K39: =J39*I39 -> 27
D40: 46142 | E40: 1599424 | F40: 额外包(无纺布) | G40: 20417764 | H40: 器械包-9（筐1）件/w9050 | I40: 1 | J40: 55 | K40: =J40*I40 -> 55
D41: 46142 | E41: 1599879 | F41: 额外包(纸塑袋) | G41: 20421334 | H41: 排针13/Z1026 | I41: 1 | J41: =2*5.5+2.5 -> 13.5 | K41: =J41*I41 -> 13.5
D42: 46142 | E42: 1599879 | F42: 额外包(纸塑袋) | G42: 20410093 | H42: 排针20/Z1026 | I42: 1 | J42: =2*5.5+2.5 -> 13.5 | K42: =J42*I42 -> 13.5
D43: 46142 | E43: 1599879 | F43: 额外包(纸塑袋) | G43: 20423243 | H43: 排针-23/Z1026 | I43: 1 | J43: =3*5.5 -> 16.5 | K43: =J43*I43 -> 16.5
D44: 46142 | E44: 1599879 | F44: 额外包(无纺布) | G44: 20417764 | H44: 器械包-8（筐1）件/w9050 | I44: 1 | J44: 49.5 | K44: =J44*I44 -> 49.5

Sheet 肾六
C1: 发货单汇总表-显示包装材料
B4: 从:2026/4/1 00:00:00 至: 2026/4/30 23:59:59.999
D7: 发货日期 | E7: 发货单号 | F7: 类型 | G7: 包类别号 | H7: 包名 | I7: 包数 | J7: 单价 | K7: 总价
D8: 肾六 | I8: 1 | K8: 16.5
D9: 46133 | E9: 1596582 | F9: 额外包(纸塑袋) | G9: 20422208 | H9: 开口器1舌钳子1压舌板1/Z1526 | I9: 1 | J9: 16.5 | K9: 16.5

Sheet 肾五科
C1: 发货单汇总表-显示包装材料
B4: 从:2026/4/1 00:00:00 至: 2026/4/30 23:59:59.999
D7: 发货日期 | E7: 发货单号 | F7: 类型 | G7: 包类别号 | H7: 包名 | I7: 包数 | J7: 单价 | K7: 总价
D8: 肾五科 | I8: 4 | K8: 65
D9: 46136 | E9: 1598069 | F9: 额外包(无纺布) | G9: 20409897 | H9: 棉球缸-1/z2530 | I9: 2 | J9: 16 | K9: 32
D10: 46136 | E10: 1598069 | F10: 额外包(无纺布) | G10: 20410049 | H10: 镊子缸-2/W6050 | I10: 2 | J10: 16.5 | K10: 33

Sheet 手术室
C1: 发货单汇总表-显示包装材料
B4: 从:2026/4/1 00:00:00 至: 2026/4/30 23:59:59.999
D7: 发货日期 | E7: 发货单号 | F7: 类型 | G7: 包类别号 | H7: 包名 | I7: 包数 | J7: 单价 | K7: 总价
D8: 手术室 | I8: 78 | K8: =SUM(K9:K58) -> 4151.5
D9: 46113 | E9: 1591257 | F9: 器械包 | G9: 20410116 | H9: 腹透包 | I9: 1 | J9: 220 | K9: =J9*I9 -> 220
D10: 46113 | E10: 1591257 | F10: 器械包 | G10: 20410108 | H10: 开腹包 | I10: 1 | J10: 352 | K10: =J10*I10 -> 352
D11: 46113 | E11: 1591257 | F11: 额外包(纸塑袋) | G11: 20417771 | H11: 换药碗-1/Z2530 | I11: 2 | J11: 16 | K11: =J11*I11 -> 32
D12: 46113 | E12: 1591257 | F12: 额外包(纸塑袋) | G12: 20417770 | H12: 弯盘-1/Z2032 | I12: 1 | J12: 13 | K12: =J12*I12 -> 13
D13: 46113 | E13: 1591257 | F13: 额外包(纸塑袋) | G13: 20419779 | H13: 吸引器头-1/z7530 | I13: 1 | J13: 8 | K13: =J13*I13 -> 8
D14: 46113 | E14: 1591257 | F14: 额外包(纸塑袋) | G14: 20419778 | H14: 直角钳-2/z1530 | I14: 1 | J14: 16.5 | K14: =J14*I14 -> 16.5
D15: 46113 | E15: 1591257 | F15: 额外包(无纺布) | G15: 20410080 | H15: 持物钳罐-2件/W6050 | I15: 1 | J15: 16.5 | K15: =J15*I15 -> 16.5
D16: 46121 | E16: 1593120 | F16: 器械包 | G16: 20410122 | H16: 肛肠包 | I16: 1 | J16: 60.5 | K16: =J16*I16 -> 60.5
D17: 46121 | E17: 1593120 | F17: 器械包 | G17: 20410120 | H17: 门诊大包 | I17: 1 | J17: 396 | K17: =J17*I17 -> 396
D18: 46121 | E18: 1593120 | F18: 额外包(纸塑袋) | G18: 20417771 | H18: 换药碗-1/Z2530 | I18: 2 | J18: 16 | K18: =J18*I18 -> 32
D19: 46121 | E19: 1593120 | F19: 额外包(纸塑袋) | G19: 20410123 | H19: 瘘刀包-3件/z1026 | I19: 1 | J19: 16.5 | K19: =J19*I19 -> 16.5
D20: 46121 | E20: 1593120 | F20: 额外包(纸塑袋) | G20: 20417770 | H20: 弯盘-1/Z2032 | I20: 3 | J20: 13 | K20: =J20*I20 -> 39
... D58: 46142 | E58: 1599880 | F58: 额外包(无纺布) | G58: 20422970 | H58: 盆-1/W9050 | I58: 1 | J58: 16.5 | K58: =J58*I58 -> 16.5

Sheet 外二肛肠二科
C1: 发货单汇总表-显示包装材料
B4: 从:2026/4/1 00:00:00 至: 2026/4/30 23:59:59.999
D7: 发货日期 | E7: 发货单号 | F7: 类型 | G7: 包类别号 | H7: 包名 | I7: 包数 | J7: 单价 | K7: 总价
D8: 外二/肛肠二科 | I8: 3 | K8: 495
D9: 46116 | E9: 1592046 | F9: 额外包(无纺布) | G9: 20417762 | H9: 镊子-32件/w6050 | I9: 1 | J9: 176 | K9: 176
D10: 46135 | E10: 1597320 | F10: 额外包(无纺布) | G10: 20417762 | H10: 镊子-36件/w6050 | I10: 1 | J10: 198 | K10: 198
D11: 46142 | E11: 1599426 | F11: 额外包(无纺布) | G11: 20417762 | H11: 镊子-22件/w6050 | I11: 1 | J11: 121 | K11: 121

Sheet 针三科
C1: 发货单汇总表-显示包装材料
B4: 从:2026/4/1 00:00:00 至: 2026/4/30 23:59:59.999
D7: 发货日期 | E7: 发货单号 | F7: 类型 | G7: 包类别号 | H7: 包名 | I7: 包数 | J7: 单价 | K7: 总价
D8: 针三科 | I8: 60 | K8: 240
D9: 46136 | E9: 1598034 | F9: 敷料包(纸塑袋) | G9: 20417769 | H9: 棉球/Z3040 | I9: 60 | J9: 4 | K9: 240

Sheet 综合内科
C1: 发货单汇总表-显示包装材料
B4: 从:2026/4/1 00:00:00 至: 2026/4/30 23:59:59.999
D7: 发货日期 | E7: 发货单号 | F7: 类型 | G7: 包类别号 | H7: 包名 | I7: 包数 | J7: 单价 | K7: 总价
D8: 综合内科 | I8: 1 | K8: 16.5
D9: 46133 | E9: 1596583 | F9: 额外包(纸塑袋) | G9: 20422208 | H9: 开口器1舌钳子1压舌板1/Z1526 | I9: 1 | J9: 16.5 | K9: 16.5
