Workbook

Sheet 汇总
B2: 祖研-黑龙江省中医医院（南岗院区）各科室2026年5月灭菌价格汇总
B3: 科室 | C3: 价格 | D3: 科室 | E3: 价格
B4: 风湿二科 | C4: =风湿二科!K10 -> 16.5 | D4: 妇科 | E4: =妇科!K8 -> 1676
B5: 供应室 | C5: 0 | D5: 骨三内四科 | E5: =骨三内四科!K8 -> 16.5
B6: 美容科 | C6: =美容科!K8 -> 1267.5 | D6: 肾五科 | E6: =肾五科!K8 -> 32.5
B7: 手术室 | C7: =手术室!K8 -> 3731 | D7: 透析科 | E7: =透析科!K8 -> 71
B8: 外二/肛肠二科 | C8: =外二肛肠二科!K8 -> 225.5 | D8: 外二科 | E8: =外二科!K8 -> 55
B9: 心三科 | C9: =心三科!K8 -> 16.5 | D9: 针三科 | E9: =针三科!K8 -> 64.5
B10: 针四科 | C10: =针四科!K8 -> 16.5 | D10: 物流费 | E10: =11*50 -> 550
B11: 合计 | C11: =C4+E4+C5+E5+C6+E6+C7+E7+C8+E8+C9+E9+C10+E10 -> 7739 | D11: =C11 -> 7739
B13: 制表人： 核算人： 甲方核算人：
B14: 黑龙江省铂康医疗灭菌有限公司 2026年5月31日

Sheet 风湿二科
C1: 发货单汇总表-显示包装材料
B4: 从:2026/5/1 00:00:00 至: 2026/5/31 23:59:59.999
D8: 祖研-黑龙江省中医医院（南岗院区）
D9: 发货日期 | E9: 发货单号 | F9: 类型 | G9: 包类别号 | H9: 包名 | I9: 包数 | J9: 单价 | K9: 总价
D10: 风湿二科 | I10: 1 | K10: 16.5 | L10: =K10++妇科!K8+骨三内四科!K8+美容科!K8+肾五科!K8+手术室!K8+透析科!K8+外二肛肠二科!K8+外二科!K8+心三科!K8+针三科!K8+针四科!K8 -> 7189
D11: 46151 | E11: 1601479 | F11: 额外包(纸塑袋) | G11: 20422208 | H11: 开口器1舌钳子1压舌板1/Z1526 | I11: 1 | J11: 16.5 | K11: 16.5

Sheet 妇科
C1: 发货单汇总表-显示包装材料
B4: 从:2026/5/1 00:00:00 至: 2026/5/31 23:59:59.999
D7: 发货日期 | E7: 发货单号 | F7: 类型 | G7: 包类别号 | H7: 包名 | I7: 包数 | J7: 单价 | K7: 总价
D8: 妇科 | I8: 39 | K8: 1676
D9: 46148 | E9: 1600604 | F9: 额外包(无纺布) | G9: 20410092 | H9: 镊子-10件/W6050 | I9: 3 | J9: 55 | K9: 165
D10: 46151 | E10: 1601480 | F10: 额外包(纸塑袋) | G10: 20420152 | H10: 剪刀-1/Z1026 | I10: 1 | J10: 8 | K10: 8
D11: 46151 | E11: 1601480 | F11: 额外包(纸塑袋) | G11: 20424610 | H11: 窥器-1/Z1526 | I11: 1 | J11: 11 | K11: 11
D12: 46151 | E12: 1601480 | F12: 额外包(纸塑袋) | G12: 20424608 | H12: 吸头-1（7号）/z7534 | I12: 3 | J12: 8 | K12: 24
D13: 46151 | E13: 1601480 | F13: 额外包(纸塑袋) | G13: 20424609 | H13: 异物钳-1/Z1535 | I13: 1 | J13: 11 | K13: 11
D14: 46151 | E14: 1601480 | F14: 器械包(ZSD) | G14: 20409894 | H14: 刮宫包 | I14: 1 | J14: 110 | K14: 110
D15: 46151 | E15: 1601480 | F15: 额外包(无纺布) | G15: 20410092 | H15: 镊子-10件/W6050 | I15: 2 | J15: 55 | K15: 110
D16: 46153 | E16: 1602153 | F16: 额外包(无纺布) | G16: 20419780 | H16: 棉球缸1镊子缸2/W6050 | I16: 1 | J16: 16.5 | K16: 16.5
D17: 46153 | E17: 1602153 | F17: 额外包(无纺布) | G17: 20410092 | H17: 镊子-10件/W6050 | I17: 2 | J17: 55 | K17: 110
D18: 46156 | E18: 1602901 | F18: 额外包(纸塑袋) | G18: 20417294 | H18: 活检钳-1/Z1535 | I18: 1 | J18: 11 | K18: 11
D19: 46156 | E19: 1602901 | F19: 额外包(无纺布) | G19: 20410092 | H19: 镊子-10件/W6050 | I19: 1 | J19: 55 | K19: 55
D20: 46158 | E20: 1603647 | F20: 额外包(无纺布) | G20: 20410092 | H20: 镊子-10件/W6050 | I20: 2 | J20: 55 | K20: 110
... D31: 46172 | E31: 1607761 | F31: 额外包(无纺布) | G31: 20427693 | H31: 镊子-20件/W6050 | I31: 1 | J31: 110 | K31: 110

Sheet 骨三内四科
C1: 发货单汇总表-显示包装材料
B4: 从:2026/5/1 00:00:00 至: 2026/5/31 23:59:59.999
D7: 发货日期 | E7: 发货单号 | F7: 类型 | G7: 包类别号 | H7: 包名 | I7: 包数 | J7: 单价 | K7: 总价
D8: 骨三内四科 | I8: 1 | K8: 16.5
D9: 46156 | E9: 1602902 | F9: 额外包(纸塑袋) | G9: 20418804 | H9: 开口器自背包-3件/z1526 | I9: 1 | J9: 16.5 | K9: 16.5

Sheet 美容科
C1: 发货单汇总表-显示包装材料
B4: 从:2026/5/1 00:00:00 至: 2026/5/31 23:59:59.999
D7: 发货日期 | E7: 发货单号 | F7: 类型 | G7: 包类别号 | H7: 包名 | I7: 包数 | J7: 单价 | K7: 总价
D8: 美容科 | I8: 57 | K8: =SUM(K9:K40) -> 1267.5
D9: 46148 | E9: 1600605 | F9: 额外包(纸塑袋) | G9: 20410093 | H9: 排针20/Z1026 | I9: 2 | J9: =5.5+5.5+2.5 -> 13.5 | K9: =J9*I9 -> 27
D10: 46148 | E10: 1600605 | F10: 额外包(纸塑袋) | G10: 20421334 | H10: 排针9件/Z1026 | I10: 1 | J10: 8 | K10: =J10*I10 -> 8
D11: 46148 | E11: 1600605 | F11: 额外包(无纺布) | G11: 20424160 | H11: 器械包-5件（筐1）/w9050 | I11: 1 | J11: 33 | K11: =J11*I11 -> 33
D12: 46151 | E12: 1601481 | F12: 额外包(纸塑袋) | G12: 20424159 | H12: 排针-11/Z7526 | I12: 1 | J12: =5.5+5.5+2.5 -> 13.5 | K12: =J12*I12 -> 13.5
D13: 46151 | E13: 1601481 | F13: 额外包(纸塑袋) | G13: 20410093 | H13: 排针20/Z1026 | I13: 3 | J13: =5.5+5.5+2.5 -> 13.5 | K13: =J13*I13 -> 40.5
D14: 46151 | E14: 1601481 | F14: 额外包(无纺布) | G14: 20424160 | H14: 器械包-5件（筐1）/w9050 | I14: 1 | J14: 33 | K14: =J14*I14 -> 33
D15: 46153 | E15: 1602154 | F15: 额外包(纸塑袋) | G15: 20410093 | H15: 排针20/Z1026 | I15: 4 | J15: =5.5+5.5+2.5 -> 13.5 | K15: =J15*I15 -> 54
D16: 46153 | E16: 1602154 | F16: 额外包(无纺布) | G16: 20417764 | H16: 器械包-12（筐1）件/w9050 | I16: 1 | J16: 71.5 | K16: =J16*I16 -> 71.5
D17: 46156 | E17: 1602903 | F17: 额外包(纸塑袋) | G17: 20424159 | H17: 排针-11/Z7526 | I17: 1 | J17: =5.5+5.5+2.5 -> 13.5 | K17: =J17*I17 -> 13.5
D18: 46156 | E18: 1602903 | F18: 额外包(纸塑袋) | G18: 20410093 | H18: 排针20/Z1026 | I18: 4 | J18: =5.5+5.5+2.5 -> 13.5 | K18: =J18*I18 -> 54
D19: 46156 | E19: 1602903 | F19: 额外包(无纺布) | G19: 20417764 | H19: 器械包-15（筐1）件/w9050 | I19: 1 | J19: 88 | K19: =J19*I19 -> 88
D20: 46158 | E20: 1603648 | F20: 额外包(纸塑袋) | G20: 20425826 | H20: 排针-15/Z1026 | I20: 3 | J20: =5.5+5.5+2.5 -> 13.5 | K20: =J20*I20 -> 40.5
D21: 46158 | E21: 1603648 | F21: 额外包(纸塑袋) | G21: 20425827 | H21: 排针-19/Z1026 | I21: 1 | J21: =5.5+5.5+2.5 -> 13.5 | K21: =J21*I21 -> 13.5
D22: 46158 | E22: 1603648 | F22: 额外包(无纺布) | G22: 20425828 | H22: 器械包-7件（筐1）/w9050 | I22: 1 | J22: 44 | K22: =J22*I22 -> 44
D23: 46161 | E23: 1604214 | F23: 额外包(纸塑袋) | G23: 20425826 | H23: 排针-15/Z1026 | I23: 2 | J23: =5.5+5.5+2.5 -> 13.5 | K23: =J23*I23 -> 27
D24: 46161 | E24: 1604214 | F24: 额外包(纸塑袋) | G24: 20410093 | H24: 排针20/Z1026 | I24: 2 | J24: =5.5+5.5+2.5 -> 13.5 | K24: =J24*I24 -> 27
D25: 46161 | E25: 1604214 | F25: 额外包(无纺布) | G25: 20417764 | H25: 器械包-11（筐1）件/w9050 | I25: 1 | J25: 66 | K25: =J25*I25 -> 66
D26: 46162 | E26: 1604962 | F26: 额外包(纸塑袋) | G26: 20425827 | H26: 排针-19/Z1026 | I26: 1 | J26: =5.5+5.5+2.5 -> 13.5 | K26: =J26*I26 -> 13.5
D27: 46162 | E27: 1604962 | F27: 额外包(纸塑袋) | G27: 20410093 | H27: 排针20/Z1026 | I27: 2 | J27: =5.5+5.5+2.5 -> 13.5 | K27: =J27*I27 -> 27
D28: 46162 | E28: 1604962 | F28: 额外包(无纺布) | G28: 20425828 | H28: 器械包-6件（筐1）/w9050 | I28: 1 | J28: 38.5 | K28: =J28*I28 -> 38.5
D29: 46165 | E29: 1605728 | F29: 额外包(纸塑袋) | G29: 20410093 | H29: 排针20/Z1026 | I29: 4 | J29: =5.5+5.5+2.5 -> 13.5 | K29: =J29*I29 -> 54
D30: 46165 | E30: 1605728 | F30: 额外包(纸塑袋) | G30: 20422632 | H30: 排针-6/Z7526 | I30: 1 | J30: 8 | K30: =J30*I30 -> 8
D31: 46165 | E31: 1605728 | F31: 额外包(无纺布) | G31: 20417764 | H31: 器械包-22（筐1）件/w9050 | I31: 1 | J31: 126.5 | K31: =J31*I31 -> 126.5
D32: 46167 | E32: 1606226 | F32: 额外包(纸塑袋) | G32: 20425827 | H32: 排针-19/Z1026 | I32: 1 | J32: =5.5+5.5+2.5 -> 13.5 | K32: =J32*I32 -> 13.5
D33: 46167 | E33: 1606226 | F33: 额外包(纸塑袋) | G33: 20410093 | H33: 排针20/Z1026 | I33: 6 | J33: =5.5+5.5+2.5 -> 13.5 | K33: =J33*I33 -> 81
D34: 46167 | E34: 1606226 | F34: 额外包(无纺布) | G34: 20424160 | H34: 器械包-2件（筐1）/w9050 | I34: 1 | J34: 16.5 | K34: =J34*I34 -> 16.5
D35: 46170 | E35: 1607004 | F35: 额外包(纸塑袋) | G35: 20424159 | H35: 排针-10/Z7526 | I35: 1 | J35: 8 | K35: =J35*I35 -> 8
D36: 46170 | E36: 1607004 | F36: 额外包(纸塑袋) | G36: 20410093 | H36: 排针20/Z1026 | I36: 3 | J36: =5.5+5.5+2.5 -> 13.5 | K36: =J36*I36 -> 40.5
D37: 46170 | E37: 1607004 | F37: 额外包(无纺布) | G37: 20425828 | H37: 器械包-6件（筐1）/w9050 | I37: 1 | J37: 38.5 | K37: =J37*I37 -> 38.5
D38: 46172 | E38: 1607762 | F38: 额外包(纸塑袋) | G38: 20410093 | H38: 排针20/Z1026 | I38: 2 | J38: =5.5+5.5+2.5 -> 13.5 | K38: =J38*I38 -> 27
D39: 46172 | E39: 1607762 | F39: 额外包(纸塑袋) | G39: 20423243 | H39: 排针-23/Z1026 | I39: 1 | J39: =5.5*3 -> 16.5 | K39: =J39*I39 -> 16.5
D40: 46172 | E40: 1607762 | F40: 额外包(无纺布) | G40: 20417764 | H40: 器械包-18件（筐1）件/w9050 | I40: 1 | J40: =19*5.5 -> 104.5 | K40: =J40*I40 -> 104.5

Sheet 肾五科
C1: 发货单汇总表-显示包装材料
B4: 从:2026/5/1 00:00:00 至: 2026/5/31 23:59:59.999
D7: 发货日期 | E7: 发货单号 | F7: 类型 | G7: 包类别号 | H7: 包名 | I7: 包数 | J7: 单价 | K7: 总价
D8: 肾五科 | I8: 2 | K8: 32.5
D9: 46162 | E9: 1604963 | F9: 额外包(无纺布) | G9: 20409897 | H9: 棉球缸-1/z2530 | I9: 1 | J9: 16 | K9: 16
D10: 46162 | E10: 1604963 | F10: 额外包(无纺布) | G10: 20410049 | H10: 镊子缸-2/W6050 | I10: 1 | J10: 16.5 | K10: 16.5

Sheet 手术室
C1: 发货单汇总表-显示包装材料
B4: 从:2026/5/1 00:00:00 至: 2026/5/31 23:59:59.999
D7: 发货日期 | E7: 发货单号 | F7: 类型 | G7: 包类别号 | H7: 包名 | I7: 包数 | J7: 单价 | K7: 总价
D8: 手术室 | I8: 85 | K8: =SUM(K9:K52) -> 3731
D9: 46151 | E9: 1601482 | F9: 器械包 | G9: 20410120 | H9: 门诊大包 | I9: 1 | J9: 396 | K9: =J9*I9 -> 396
D10: 46151 | E10: 1601482 | F10: 额外包(纸塑袋) | G10: 20417771 | H10: 换药碗-1/Z2530 | I10: 1 | J10: 16 | K10: =J10*I10 -> 16
D11: 46151 | E11: 1601482 | F11: 额外包(纸塑袋) | G11: 20417770 | H11: 弯盘-1/Z2032 | I11: 1 | J11: 13 | K11: =J11*I11 -> 13
D12: 46151 | E12: 1601482 | F12: 额外包(无纺布) | G12: 20410080 | H12: 持物钳罐-2件/W6050 | I12: 1 | J12: 16.5 | K12: =J12*I12 -> 16.5
D13: 46156 | E13: 1602904 | F13: 器械包 | G13: 20410107 | H13: 钩包 | I13: 1 | J13: 71.5 | K13: =J13*I13 -> 71.5
D14: 46156 | E14: 1602904 | F14: 器械包 | G14: 20410120 | H14: 门诊大包 | I14: 1 | J14: 396 | K14: =J14*I14 -> 396
D15: 46156 | E15: 1602904 | F15: 额外包(纸塑袋) | G15: 20417771 | H15: 换药碗-1/Z2530 | I15: 2 | J15: 16 | K15: =J15*I15 -> 32
D16: 46156 | E16: 1602904 | F16: 额外包(纸塑袋) | G16: 20417770 | H16: 弯盘-1/Z2032 | I16: 1 | J16: 13 | K16: =J16*I16 -> 13
D17: 46156 | E17: 1602904 | F17: 额外包(无纺布) | G17: 20410080 | H17: 持物钳罐-2件/W6050 | I17: 1 | J17: 16.5 | K17: =J17*I17 -> 16.5
D18: 46158 | E18: 1603649 | F18: 器械包 | G18: 20410117 | H18: 门诊小包 | I18: 1 | J18: 93.5 | K18: =J18*I18 -> 93.5
D19: 46158 | E19: 1603649 | F19: 器械包 | G19: 20410111 | H19: 透析器械包 | I19: 1 | J19: 115.5 | K19: =J19*I19 -> 115.5
D20: 46158 | E20: 1603649 | F20: 额外包(纸塑袋) | G20: 20417771 | H20: 换药碗-1/Z2530 | I20: 1 | J20: 16 | K20: =J20*I20 -> 16
... D52: 46172 | E52: 1607763 | F52: 额外包(无纺布) | G52: 20410080 | H52: 持物钳罐-2件/W6050 | I52: 1 | J52: 16.5 | K52: =J52*I52 -> 16.5

Sheet 透析科
C1: 发货单汇总表-显示包装材料
B4: 从:2026/5/1 00:00:00 至: 2026/5/31 23:59:59.999
D7: 发货日期 | E7: 发货单号 | F7: 类型 | G7: 包类别号 | H7: 包名 | I7: 包数 | J7: 单价 | K7: 总价
D8: 透析科 | I8: 4 | K8: 71
D9: 46167 | E9: 1606228 | F9: 额外包(纸塑袋) | G9: 20427033 | H9: 开口器-1/Z1026 | I9: 1 | J9: 8 | K9: 8
D10: 46167 | E10: 1606228 | F10: 额外包(纸塑袋) | G10: 20427038 | H10: 压舌板-1/Z7526 | I10: 1 | J10: 8 | K10: 8
D11: 46172 | E11: 1607764 | F11: 额外包(无纺布) | G11: 20427691 | H11: 缝合包-5件/W6050 | I11: 2 | J11: 27.5 | K11: 55

Sheet 外二肛肠二科
C1: 发货单汇总表-显示包装材料
B4: 从:2026/5/1 00:00:00 至: 2026/5/31 23:59:59.999
D7: 发货日期 | E7: 发货单号 | F7: 类型 | G7: 包类别号 | H7: 包名 | I7: 包数 | J7: 单价 | K7: 总价
D8: 外二/肛肠二科 | I8: 1 | K8: 225.5
D9: 46153 | E9: 1602155 | F9: 额外包(无纺布) | G9: 20417762 | H9: 镊子-41件/w6050 | I9: 1 | J9: 225.5 | K9: 225.5

Sheet 外二科
C1: 发货单汇总表-显示包装材料
B4: 从:2026/5/1 00:00:00 至: 2026/5/31 23:59:59.999
D7: 发货日期 | E7: 发货单号 | F7: 类型 | G7: 包类别号 | H7: 包名 | I7: 包数 | J7: 单价 | K7: 总价
D8: 外二科 | I8: 1 | K8: 55
D9: 46148 | E9: 1600606 | F9: 器械包(ZSD) | G9: 20409871 | H9: 小缝合包 | I9: 1 | J9: 55 | K9: 55

Sheet 心三科
C1: 发货单汇总表-显示包装材料
B4: 从:2026/5/1 00:00:00 至: 2026/5/31 23:59:59.999
D7: 发货日期 | E7: 发货单号 | F7: 类型 | G7: 包类别号 | H7: 包名 | I7: 包数 | J7: 单价 | K7: 总价
D8: 心三科 | I8: 1 | K8: 16.5
D9: 46172 | E9: 1607765 | F9: 额外包(纸塑袋) | G9: 20422208 | H9: 开口器1舌钳子1压舌板1/Z1526 | I9: 1 | J9: 16.5 | K9: 16.5

Sheet 针三科
C1: 发货单汇总表-显示包装材料
B4: 从:2026/5/1 00:00:00 至: 2026/5/31 23:59:59.999
D7: 发货日期 | E7: 发货单号 | F7: 类型 | G7: 包类别号 | H7: 包名 | I7: 包数 | J7: 单价 | K7: 总价
D8: 针三科 | I8: 7 | K8: 64.5
D9: 46170 | E9: 1607006 | F9: 额外包(纸塑袋) | G9: 20422208 | H9: 开口器1舌钳子1压舌板1/Z1526 | I9: 1 | J9: 16.5 | K9: 16.5
D10: 46170 | E10: 1607006 | F10: 额外包(纸塑袋) | G10: 20427366 | H10: 松筋针-1/Z1035 | I10: 6 | J10: 8 | K10: 48

Sheet 针四科
C1: 发货单汇总表-显示包装材料
B4: 从:2026/5/1 00:00:00 至: 2026/5/31 23:59:59.999
D7: 发货日期 | E7: 发货单号 | F7: 类型 | G7: 包类别号 | H7: 包名 | I7: 包数 | J7: 单价 | K7: 总价
D8: 针四科 | I8: 1 | K8: 16.5
D9: 46151 | E9: 1601483 | F9: 额外包(纸塑袋) | G9: 20422208 | H9: 开口器1舌钳子1压舌板1/Z1526 | I9: 1 | J9: 16.5 | K9: 16.5
