Workbook

Sheet 汇总
B2: 祖研-黑龙江省中医医院（三辅院区）各科室2026年3月灭菌价格汇总
B3: 科室 | C3: 价格 | D3: 科室 | E3: 价格
B4: 妇科病房 | C4: =妇科病房!K10 -> 1948.5 | D4: 妇科门诊 | E4: =妇科门诊!K8 -> 408
B5: 供应室 | C5: 0 | D5: 门诊肛肠一科 | E5: =门诊肛肠一科!K8 -> 8681.5
B6: 皮肤门诊（二） | C6: ='皮肤门诊（二）'!K8 -> 310.5 | D6: 肾八科 | E6: =肾八科!K8 -> 20.5
B7: 肾九科 | C7: =肾九科!K8 -> 40.5 | D7: 肾三科 | E7: =肾三科!K8 -> 103.5
B8: 手术室 | C8: =手术室!K8 -> 6711 | D8: 外科门诊 | E8: =外科门诊!K8 -> 431.5
B9: 血液透析室 | C9: =血液透析室!K8 -> 8 | D9: 物流费 | E9: ='[1]祖研-黑龙江省中医医院（三辅院区）'!$F$13 -> 500
B10: 合计 | C10: =C4+C5+C6+C7+C8+C9+E4+E5+E6+E7+E8+E9 -> 19163.5 | D10: =C10 -> 19163.5
B12: 制表人： 核算人： 甲方核算人：
B13: 黑龙江省铂康医疗灭菌有限公司 2026年3月31日

Sheet 妇科病房
C1: 发货单汇总表-显示包装材料
B4: 从:2026/3/1 00:00:00 至: 2026/3/31 23:59:59.999
D8: 祖研-黑龙江省中医医院（三辅院区）
D9: 发货日期 | E9: 发货单号 | F9: 类型 | G9: 包类别号 | H9: 包名 | I9: 包数 | J9: 单价 | K9: 总价
D10: 妇科病房 | I10: 22 | K10: =SUM(K11:K25) -> 1948.5
D11: 46097 | E11: 1586403 | F11: 额外包(无纺布) | G11: 20417273 | H11: 处置盘-5件（缸3镊1筐1）/w9050 | I11: 1 | J11: 27.5 | K11: =J11*I11 -> 27.5
D12: 46097 | E12: 1586403 | F12: 额外包(无纺布) | G12: 20417272 | H12: 镊子-25（筐1）/w9050 | I12: 2 | J12: 143 | K12: =J12*I12 -> 286
D13: 46101 | E13: 1587872 | F13: 额外包(纸塑袋) | G13: 20410112 | H13: 换药碗包-3件/Z1526 | I13: 3 | J13: 16.5 | K13: =J13*I13 -> 49.5
D14: 46101 | E14: 1587872 | F14: 额外包(纸塑袋) | G14: 20418082 | H14: 开口器1舌钳子1压舌板1/Z2025 | I14: 1 | J14: =3*5.5 -> 16.5 | K14: =J14*I14 -> 16.5
D15: 46101 | E15: 1587872 | F15: 额外包(无纺布) | G15: 20410106 | H15: 扩棒包-8件/W6050 | I15: 1 | J15: 44 | K15: =J15*I15 -> 44
D16: 46101 | E16: 1587872 | F16: 额外包(无纺布) | G16: 20410086 | H16: 镊子包-30件（筐1）/W9050 | I16: 2 | J16: =31*5.5 -> 170.5 | K16: =J16*I16 -> 341
D17: 46101 | E17: 1587872 | F17: 敷料包(纸塑袋) | G17: 20417298 | H17: 纱布/Z1526 | I17: 2 | J17: 2.5 | K17: =J17*I17 -> 5
D18: 46104 | E18: 1588394 | F18: 额外包(无纺布) | G18: 20418340 | H18: 镊子-28件（筐1）/w9050 | I18: 1 | J18: 159.5 | K18: =J18*I18 -> 159.5
D19: 46104 | E19: 1588394 | F19: 额外包(无纺布) | G19: 20417272 | H19: 镊子-29件（筐1）/w9050 | I19: 1 | J19: 165 | K19: =J19*I19 -> 165
D20: 46106 | E20: 1589094 | F20: 额外包(无纺布) | G20: 20410104 | H20: 处置包-5件/W6050 | I20: 1 | J20: 27.5 | K20: =J20*I20 -> 27.5
D21: 46106 | E21: 1589094 | F21: 额外包(无纺布) | G21: 20410086 | H21: 镊子包-30件（筐1）/W9050 | I21: 1 | J21: =31*5.5 -> 170.5 | K21: =J21*I21 -> 170.5
D22: 46112 | E22: 1590707 | F22: 单包装包 | G22: 20417273 | H22: 处置盘-5件（缸3镊1筐1）/w9050 | I22: 1 | J22: 27.5 | K22: =J22*I22 -> 27.5
D23: 46112 | E23: 1590707 | F23: 额外包(纸塑袋) | G23: 20417010 | H23: 弯盘-1/Z2032 | I23: 1 | J23: 13 | K23: =J23*I23 -> 13
D24: 46112 | E24: 1590707 | F24: 器械包(ZSD) | G24: 20409870 | H24: 刮宫包 | I24: 1 | J24: 137.5 | K24: =J24*I24 -> 137.5
D25: 46112 | E25: 1590707 | F25: 额外包(无纺布) | G25: 20418340 | H25: 镊子-28件（筐1）/w9050 | I25: 3 | J25: 159.5 | K25: =J25*I25 -> 478.5

Sheet 妇科门诊
C1: 发货单汇总表-显示包装材料
B4: 从:2026/3/1 00:00:00 至: 2026/3/31 23:59:59.999
D7: 发货日期 | E7: 发货单号 | F7: 类型 | G7: 包类别号 | H7: 包名 | I7: 包数 | J7: 单价 | K7: 总价
D8: 妇科门诊 | I8: 14 | K8: 408
D9: 46097 | E9: 1586404 | F9: 额外包(纸塑袋) | G9: 20417270 | H9: 长弯钳-1/z1029 | I9: 1 | J9: 8 | K9: 8
D10: 46097 | E10: 1586404 | F10: 额外包(纸塑袋) | G10: 20417269 | H10: 大镊子-1/z7534 | I10: 5 | J10: 8 | K10: 40
D11: 46097 | E11: 1586404 | F11: 额外包(纸塑袋) | G11: 20417262 | H11: 活检钳-1/z2032 | I11: 2 | J11: 13 | K11: 26
D12: 46097 | E12: 1586404 | F12: 额外包(无纺布) | G12: 20417261 | H12: 棉球缸包-5件（4缸1筐）/w9050 | I12: 1 | J12: 27.5 | K12: 27.5
D13: 46101 | E13: 1587874 | F13: 额外包(纸塑袋) | G13: 20417262 | H13: 活检钳-1/z2032 | I13: 1 | J13: 13 | K13: 13
D14: 46108 | E14: 1589889 | F14: 器械包 | G14: 20410103 | H14: 环包 | I14: 1 | J14: 110 | K14: 110
D15: 46108 | E15: 1589889 | F15: 器械包 | G15: 20410105 | H15: 器械包 | I15: 1 | J15: 137.5 | K15: 137.5
D16: 46108 | E16: 1589889 | F16: 额外包(纸塑袋) | G16: 20417010 | H16: 弯盘-1/Z2032 | I16: 1 | J16: 13 | K16: 13
D17: 46108 | E17: 1589889 | F17: 额外包(无纺布) | G17: 20410088 | H17: 镊子缸包-6件/W9050 | I17: 1 | J17: 33 | K17: 33

Sheet 门诊肛肠一科
C1: 发货单汇总表-显示包装材料
B4: 从:2026/3/1 00:00:00 至: 2026/3/31 23:59:59.999
D7: 发货日期 | E7: 发货单号 | F7: 类型 | G7: 包类别号 | H7: 包名 | I7: 包数 | J7: 单价 | K7: 总价
D8: 门诊肛肠一科 | I8: 106 | K8: =SUM(K9:K61) -> 8681.5
D9: 46097 | E9: 1586405 | F9: 器械包 | G9: 20417275 | H9: 镊子包 | I9: 4 | J9: 225.5 | K9: =J9*I9 -> 902
D10: 46097 | E10: 1586405 | F10: 器械包(ZSD) | G10: 20417274 | H10: 拆线缝合包 | I10: 1 | J10: 27.5 | K10: =J10*I10 -> 27.5
D11: 46097 | E11: 1586405 | F11: 额外包(无纺布) | G11: 20417276 | H11: 镊子包-30（筐1）/w9050 | I11: 1 | J11: 170.5 | K11: =J11*I11 -> 170.5
D12: 46097 | E12: 1586405 | F12: 额外包(无纺布) | G12: 20417277 | H12: 器械包-6件/w6050 | I12: 1 | J12: 33 | K12: =J12*I12 -> 33
D13: 46097 | E13: 1586405 | F13: 额外包(无纺布) | G13: 20417278 | H13: 器械包-7件/w6050 | I13: 2 | J13: 38.5 | K13: =J13*I13 -> 77
D14: 46100 | E14: 1587222 | F14: 额外包(无纺布) | G14: 20417730 | H14: 器械包-5件/w6050 | I14: 1 | J14: 27.5 | K14: =J14*I14 -> 27.5
D15: 46100 | E15: 1587222 | F15: 额外包(无纺布) | G15: 20417277 | H15: 器械包-6件/w6050 | I15: 3 | J15: 33 | K15: =J15*I15 -> 99
D16: 46100 | E16: 1587222 | F16: 额外包(无纺布) | G16: 20417278 | H16: 器械包-7件/w6050 | I16: 1 | J16: 38.5 | K16: =J16*I16 -> 38.5
D17: 46100 | E17: 1587222 | F17: 额外包(无纺布) | G17: 20417729 | H17: 器械包-8件/w6050 | I17: 1 | J17: 44 | K17: =J17*I17 -> 44
D18: 46100 | E18: 1587222 | F18: 额外包(无纺布) | G18: 20410113 | H18: 小镊子包40件筐1/W6050 | I18: 3 | J18: 225.5 | K18: =J18*I18 -> 676.5
D19: 46101 | E19: 1587875 | F19: 器械包 | G19: 20417275 | H19: 镊子包 | I19: 3 | J19: 225.5 | K19: =J19*I19 -> 676.5
D20: 46101 | E20: 1587875 | F20: 额外包(无纺布) | G20: 20417278 | H20: 器械包-7件/w6050 | I20: 1 | J20: 38.5 | K20: =J20*I20 -> 38.5
... D24: 46104 | E24: 1588391 | F24: 器械包 | G24: 20417275 | H24: 镊子包 | I24: 1 | J24: 225.5 | K24: =J24*I24 -> 225.5
D25: 46104 | E25: 1588391 | F25: 额外包(纸塑袋) | G25: 20410115 | H25: 拆线缝合包-5件/Z1526 | I25: 1 | J25: =5*5.5 -> 27.5 | K25: =J25*I25 -> 27.5
D26: 46104 | E26: 1588391 | F26: 额外包(纸塑袋) | G26: 20418339 | H26: 肛门镜-2件/Z1530 | I26: 1 | J26: 16.5 | K26: =J26*I26 -> 16.5
D27: 46104 | E27: 1588391 | F27: 额外包(纸塑袋) | G27: 20417009 | H27: 换药碗-1/z2032 | I27: 1 | J27: 13 | K27: =J27*I27 -> 13
D28: 46104 | E28: 1588391 | F28: 额外包(纸塑袋) | G28: 20417010 | H28: 弯盘-1/Z2032 | I28: 1 | J28: 13 | K28: =J28*I28 -> 13
D29: 46104 | E29: 1588391 | F29: 额外包(无纺布) | G29: 20409823 | H29: 持物钳罐-2件/W6050 | I29: 1 | J29: 16.5 | K29: =J29*I29 -> 16.5
D30: 46104 | E30: 1588391 | F30: 额外包(无纺布) | G30: 20417277 | H30: 器械包-6件/w6050 | I30: 1 | J30: 33 | K30: =J30*I30 -> 33
D31: 46104 | E31: 1588391 | F31: 额外包(无纺布) | G31: 20417278 | H31: 器械包-7件/w6050 | I31: 1 | J31: 38.5 | K31: =J31*I31 -> 38.5
D32: 46104 | E32: 1588391 | F32: 额外包(无纺布) | G32: 20417729 | H32: 器械包-8件/w6050 | I32: 1 | J32: 44 | K32: =J32*I32 -> 44
D33: 46104 | E33: 1588391 | F33: 额外包(无纺布) | G33: 20410113 | H33: 小镊子包40件筐1/W6050 | I33: 4 | J33: 225.5 | K33: =J33*I33 -> 902
D34: 46106 | E34: 1589096 | F34: 器械包 | G34: 20417275 | H34: 镊子包 | I34: 1 | J34: 280.5 | K34: =J34*I34 -> 280.5
D35: 46106 | E35: 1589096 | F35: 器械包 | G35: 20410101 | H35: 手术包 | I35: 5 | J35: 66 | K35: =J35*I35 -> 330
D36: 46106 | E36: 1589096 | F36: 额外包(纸塑袋) | G36: 20410115 | H36: 拆线缝合包-5件/W6050 | I36: 1 | J36: 27.5 | K36: =J36*I36 -> 27.5
D37: 46106 | E37: 1589096 | F37: 额外包(纸塑袋) | G37: 20418339 | H37: 肛门镜-2件/Z1530 | I37: 1 | J37: 16.5 | K37: =J37*I37 -> 16.5
... D61: 46111 | E61: 1590425 | F61: 额外包(无纺布) | G61: 20418811 | H61: 镊子包-40件（筐1）/W9050 | I61: 6 | J61: 225.5 | K61: =J61*I61 -> 1353

Sheet 皮肤门诊（二）
C1: 发货单汇总表-显示包装材料
B4: 从:2026/3/1 00:00:00 至: 2026/3/31 23:59:59.999
D7: 发货日期 | E7: 发货单号 | F7: 类型 | G7: 包类别号 | H7: 包名 | I7: 包数 | J7: 单价 | K7: 总价
D8: 皮肤门诊（二） | I8: 11 | K8: =SUM(K9:K13) -> 310.5
D9: 46100 | E9: 1587220 | F9: 额外包(纸塑袋) | G9: 20417723 | H9: 器械包-2件/Z1026 | I9: 1 | J9: 13.5 | K9: =J9*I9 -> 13.5
D10: 46100 | E10: 1587220 | F10: 额外包(纸塑袋) | G10: 20417724 | H10: 器械包-3件/Z1526 | I10: 1 | J10: 16.5 | K10: =J10*I10 -> 16.5
D11: 46100 | E11: 1587220 | F11: 额外包(无纺布) | G11: 20410100 | H11: 美容科排针包50件盘1/W6050 | I11: 4 | J11: =5*5.5+5.5 -> 33 | K11: =J11*I11 -> 132
D12: 46108 | E12: 1589891 | F12: 额外包(纸塑袋) | G12: 20417724 | H12: 器械包-3件/Z1526 | I12: 1 | J12: 16.5 | K12: =J12*I12 -> 16.5
D13: 46108 | E13: 1589891 | F13: 额外包(无纺布) | G13: 20410100 | H13: 美容科排针包50件盘1/W6050 | I13: 4 | J13: =5*5.5+5.5 -> 33 | K13: =J13*I13 -> 132

Sheet 肾八科
C1: 发货单汇总表-显示包装材料
B4: 从:2026/3/1 00:00:00 至: 2026/3/31 23:59:59.999
D7: 发货日期 | E7: 发货单号 | F7: 类型 | G7: 包类别号 | H7: 包名 | I7: 包数 | J7: 单价 | K7: 总价
D8: 肾八科 | I8: 2 | K8: 20.5
D9: 46108 | E9: 1589893 | F9: 额外包(无纺布) | G9: 20417737 | H9: 弯盘-1/W6050 | I9: 1 | J9: 16.5 | K9: 16.5
D10: 46108 | E10: 1589893 | F10: 敷料包(纸塑袋) | G10: 20417297 | H10: 孔巾/z2544 | I10: 1 | J10: 4 | K10: 4

Sheet 肾九科
C1: 发货单汇总表-显示包装材料
B4: 从:2026/3/1 00:00:00 至: 2026/3/31 23:59:59.999
D7: 发货日期 | E7: 发货单号 | F7: 类型 | G7: 包类别号 | H7: 包名 | I7: 包数 | J7: 单价 | K7: 总价
D8: 肾九科 | I8: 5 | K8: =SUM(K9:K12) -> 40.5
D9: 46097 | E9: 1586406 | F9: 额外包(纸塑袋) | G9: 20417271 | H9: 拆线包-3件/Z2032（剪钳盘） | I9: 1 | J9: 16.5 | K9: =J9*I9 -> 16.5
D10: 46104 | E10: 1588392 | F10: 额外包(纸塑袋) | G10: 20418344 | H10: 导丝-1/Z7537 | I10: 2 | J10: 8 | K10: =J10*I10 -> 16
D11: 46104 | E11: 1588392 | F11: 敷料包(纸塑袋) | G11: 20417297 | H11: 孔巾/z2544 | I11: 1 | J11: 4 | K11: =J11*I11 -> 4
D12: 46104 | E12: 1588392 | F12: 敷料包(纸塑袋) | G12: 20418346 | H12: 小敷布包/Z1530 | I12: 1 | J12: 4 | K12: =J12*I12 -> 4
K13: =J13*I13 -> 0

Sheet 肾三科
C1: 发货单汇总表-显示包装材料
B4: 从:2026/3/1 00:00:00 至: 2026/3/31 23:59:59.999
D7: 发货日期 | E7: 发货单号 | F7: 类型 | G7: 包类别号 | H7: 包名 | I7: 包数 | J7: 单价 | K7: 总价
D8: 肾三科 | I8: 12 | K8: 103.5
D9: 46097 | E9: 1586407 | F9: 敷料包(纸塑袋) | G9: 20417297 | H9: 孔巾/z2544 | I9: 1 | J9: 4 | K9: 4
D10: 46097 | E10: 1586407 | F10: 额外包(纸塑袋) | G10: 20417010 | H10: 弯盘-1/Z2032 | I10: 1 | J10: 13 | K10: 13
D11: 46100 | E11: 1587382 | F11: 额外包(纸塑袋) | G11: 20417010 | H11: 弯盘-1/Z2032 | I11: 1 | J11: 13 | K11: 13
D12: 46100 | E12: 1587382 | F12: 敷料包(纸塑袋) | G12: 20417297 | H12: 孔巾/z2544 | I12: 1 | J12: 4 | K12: 4
D13: 46106 | E13: 1589092 | F13: 额外包(无纺布) | G13: 20417737 | H13: 弯盘-1/W6050 | I13: 1 | J13: 16.5 | K13: 16.5
D14: 46106 | E14: 1589092 | F14: 敷料包(纸塑袋) | G14: 20417297 | H14: 孔巾/z2544 | I14: 2 | J14: 4 | K14: 8
D15: 46108 | E15: 1589894 | F15: 额外包(无纺布) | G15: 20417737 | H15: 弯盘-1/W6050 | I15: 1 | J15: 16.5 | K15: 16.5
D16: 46108 | E16: 1589894 | F16: 敷料包(纸塑袋) | G16: 20417297 | H16: 孔巾/z2544 | I16: 1 | J16: 4 | K16: 4
D17: 46111 | E17: 1590426 | F17: 额外包(无纺布) | G17: 20417737 | H17: 弯盘-1/W6050 | I17: 1 | J17: 16.5 | K17: 16.5
D18: 46111 | E18: 1590426 | F18: 敷料包(纸塑袋) | G18: 20417297 | H18: 孔巾/z2544 | I18: 1 | J18: 4 | K18: 4
D19: 46112 | E19: 1590706 | F19: 敷料包(纸塑袋) | G19: 20417297 | H19: 孔巾/z2544 | I19: 1 | J19: 4 | K19: 4

Sheet 手术室
C1: 发货单汇总表-显示包装材料
B4: 从:2026/3/1 00:00:00 至: 2026/3/31 23:59:59.999
D7: 发货日期 | E7: 发货单号 | F7: 类型 | G7: 包类别号 | H7: 包名 | I7: 包数 | J7: 单价 | K7: 总价
D8: 手术室 | I8: 265 | K8: 6711
D9: 46097 | E9: 1586408 | F9: 器械包 | G9: 20409795 | H9: 肛肠小包 | I9: 4 | J9: 66 | K9: =J9*I9 -> 264
D10: 46097 | E10: 1586408 | F10: 器械包 | G10: 20410097 | H10: 门诊导丝小包 | I10: 1 | J10: 198 | K10: =J10*I10 -> 198
D11: 46097 | E11: 1586408 | F11: 器械包 | G11: 20409799 | H11: 门诊小包 | I11: 1 | J11: 181.5 | K11: =J11*I11 -> 181.5
D12: 46097 | E12: 1586408 | F12: 额外包(纸塑袋) | G12: 20417284 | H12: 刮勺-1/Z7526 | I12: 1 | J12: 8 | K12: =J12*I12 -> 8
D13: 46097 | E13: 1586408 | F13: 额外包(纸塑袋) | G13: 20417009 | H13: 换药碗-1/z2032 | I13: 6 | J13: 13 | K13: =J13*I13 -> 78
D14: 46097 | E14: 1586408 | F14: 额外包(纸塑袋) | G14: 20417300 | H14: 剪刀-1/Z1026 | I14: 1 | J14: 8 | K14: =J14*I14 -> 8
D15: 46097 | E15: 1586408 | F15: 额外包(纸塑袋) | G15: 20417282 | H15: 喇叭肛门镜-2件/Z1526 | I15: 2 | J15: 16.5 | K15: =J15*I15 -> 33
D16: 46097 | E16: 1586408 | F16: 额外包(纸塑袋) | G16: 20417285 | H16: 卵圆钳-1/Z1526 | I16: 1 | J16: 11 | K16: =J16*I16 -> 11
D17: 46097 | E17: 1586408 | F17: 额外包(纸塑袋) | G17: 20417283 | H17: 受水器-1/Z2025 | I17: 1 | J17: 13 | K17: =J17*I17 -> 13
D18: 46097 | E18: 1586408 | F18: 额外包(纸塑袋) | G18: 20417291 | H18: 探针1瘘管1刨刀1/Z1026 | I18: 2 | J18: 16.5 | K18: =J18*I18 -> 33
D19: 46097 | E19: 1586408 | F19: 额外包(纸塑袋) | G19: 20417010 | H19: 弯盘-1/Z2032 | I19: 8 | J19: 13 | K19: =J19*I19 -> 104
D20: 46097 | E20: 1586408 | F20: 敷料包(纸塑袋) | G20: 20417298 | H20: 纱布/Z1526 | I20: 5 | J20: 4 | K20: =J20*I20 -> 20
... D95: 46112 | E95: 1590708 | F95: 额外包(纸塑袋) | G95: 20417010 | H95: 弯盘-1/Z2032 | I95: 3 | J95: 13 | K95: =J95*I95 -> 39

Sheet 外科门诊
C1: 发货单汇总表-显示包装材料
B4: 从:2026/3/1 00:00:00 至: 2026/3/31 23:59:59.999
D7: 发货日期 | E7: 发货单号 | F7: 类型 | G7: 包类别号 | H7: 包名 | I7: 包数 | J7: 单价 | K7: 总价
D8: 外科门诊 | I8: 48 | K8: =SUM(K9:K17) -> 431.5
D9: 46100 | E9: 1587219 | F9: 额外包(纸塑袋) | G9: 20417726 | H9: 镊子-2/Z7526 | I9: 1 | J9: 13.5 | K9: =J9*I9 -> 13.5
D10: 46100 | E10: 1587219 | F10: 额外包(纸塑袋) | G10: 20417727 | H10: 镊子缸-1/Z1526 | I10: 1 | J10: 11 | K10: =J10*I10 -> 11
D11: 46100 | E11: 1587219 | F11: 额外包(纸塑袋) | G11: 20417728 | H11: 无菌缸-1/Z2530 | I11: 2 | J11: 16 | K11: =J11*I11 -> 32
D12: 46100 | E12: 1587219 | F12: 器械包(ZSD) | G12: 20409863 | H12: 换药包 | I12: 4 | J12: 22 | K12: =J12*I12 -> 88
D13: 46100 | E13: 1587219 | F13: 敷料包(纸塑袋) | G13: 20417738 | H13: 棉球/Z2025 | I13: 10 | J13: 4 | K13: =J13*I13 -> 40
D14: 46100 | E14: 1587219 | F14: 敷料包(纸塑袋) | G14: 20417298 | H14: 纱布/Z1526 | I14: 20 | J14: 2.5 | K14: =J14*I14 -> 50
D15: 46106 | E15: 1589093 | F15: 额外包(纸塑袋) | G15: 20417728 | H15: 无菌缸-1/Z2530 | I15: 2 | J15: 16 | K15: =J15*I15 -> 32
D16: 46106 | E16: 1589093 | F16: 器械包(ZSD) | G16: 20409863 | H16: 换药包 | I16: 6 | J16: 22 | K16: =J16*I16 -> 132
D17: 46106 | E17: 1589093 | F17: 额外包(无纺布) | G17: 20409866 | H17: 镊子缸-3件/W6050 | I17: 2 | J17: 16.5 | K17: =J17*I17 -> 33

Sheet 血液透析室
C1: 发货单汇总表-显示包装材料
B4: 从:2026/3/1 00:00:00 至: 2026/3/31 23:59:59.999
D7: 发货日期 | E7: 发货单号 | F7: 类型 | G7: 包类别号 | H7: 包名 | I7: 包数 | J7: 单价 | K7: 总价
D8: 血液透析室 | I8: 1 | K8: 8
D9: 46100 | E9: 1587221 | F9: 额外包(纸塑袋) | G9: 20417725 | H9: 开口器-1/Z1026 | I9: 1 | J9: 8 | K9: 8
